<?xml version="1.0" encoding="UTF-8"?>
<databaseChangeLog 
	xmlns="http://www.liquibase.org/xml/ns/dbchangelog" 
	xmlns:xsi="http://www.w3.org/2001/XMLSchema-instance" 
	xmlns:n0="http://www.oracle.com/xml/ns/dbchangelog-ext" 
	xsi:schemaLocation="http://www.liquibase.org/xml/ns/dbchangelog 
	http://www.liquibase.org/xml/ns/dbchangelog/dbchangelog-latest.xsd">
	<changeSet id="968077f6135b7bb324593bb79e6ca84bf5bb0319" author="(SAMPLE_CUSTOMERS)-Generated" failOnError="false"   runOnChange="true" runAlways="false"  >
		<n0:createSxmlObject objectName="EBA_CUST_NOTIFICATIONS" objectType="TABLE" ownerName="SAMPLE_CUSTOMERS"  replaceIfExists="true" >
			<n0:source><![CDATA[
  <TABLE xmlns="http://xmlns.oracle.com/ku" version="1.0">
   <SCHEMA>SAMPLE_CUSTOMERS</SCHEMA>
   <NAME>EBA_CUST_NOTIFICATIONS</NAME>
   <RELATIONAL_TABLE>
      <COL_LIST>
         <COL_LIST_ITEM>
            <NAME>ID</NAME>
            <DATATYPE>NUMBER</DATATYPE>
            <NOT_NULL></NOT_NULL>
         </COL_LIST_ITEM>
         <COL_LIST_ITEM>
            <NAME>ROW_VERSION_NUMBER</NAME>
            <DATATYPE>NUMBER</DATATYPE>
         </COL_LIST_ITEM>
         <COL_LIST_ITEM>
            <NAME>NOTIFICATION_NAME</NAME>
            <DATATYPE>VARCHAR2</DATATYPE>
            <LENGTH>255</LENGTH>
            <COLLATE_NAME>USING_NLS_COMP</COLLATE_NAME>
            <NOT_NULL></NOT_NULL>
         </COL_LIST_ITEM>
         <COL_LIST_ITEM>
            <NAME>NOTIFICATION_DESCRIPTION</NAME>
            <DATATYPE>VARCHAR2</DATATYPE>
            <LENGTH>4000</LENGTH>
            <COLLATE_NAME>USING_NLS_COMP</COLLATE_NAME>
         </COL_LIST_ITEM>
         <COL_LIST_ITEM>
            <NAME>NOTIFICATION_TYPE</NAME>
            <DATATYPE>VARCHAR2</DATATYPE>
            <LENGTH>30</LENGTH>
            <COLLATE_NAME>USING_NLS_COMP</COLLATE_NAME>
            <NOT_NULL></NOT_NULL>
         </COL_LIST_ITEM>
         <COL_LIST_ITEM>
            <NAME>DISPLAY_SEQUENCE</NAME>
            <DATATYPE>NUMBER</DATATYPE>
         </COL_LIST_ITEM>
         <COL_LIST_ITEM>
            <NAME>DISPLAY_FROM</NAME>
            <DATATYPE>TIMESTAMP_WITH_TIMEZONE</DATATYPE>
            <SCALE>6</SCALE>
         </COL_LIST_ITEM>
         <COL_LIST_ITEM>
            <NAME>DISPLAY_UNTIL</NAME>
            <DATATYPE>TIMESTAMP_WITH_TIMEZONE</DATATYPE>
            <SCALE>6</SCALE>
         </COL_LIST_ITEM>
         <COL_LIST_ITEM>
            <NAME>CREATED_BY</NAME>
            <DATATYPE>VARCHAR2</DATATYPE>
            <LENGTH>255</LENGTH>
            <COLLATE_NAME>USING_NLS_COMP</COLLATE_NAME>
            <NOT_NULL></NOT_NULL>
         </COL_LIST_ITEM>
         <COL_LIST_ITEM>
            <NAME>CREATED</NAME>
            <DATATYPE>TIMESTAMP_WITH_TIMEZONE</DATATYPE>
            <SCALE>6</SCALE>
         </COL_LIST_ITEM>
         <COL_LIST_ITEM>
            <NAME>UPDATED_BY</NAME>
            <DATATYPE>VARCHAR2</DATATYPE>
            <LENGTH>255</LENGTH>
            <COLLATE_NAME>USING_NLS_COMP</COLLATE_NAME>
            <NOT_NULL></NOT_NULL>
         </COL_LIST_ITEM>
         <COL_LIST_ITEM>
            <NAME>UPDATED</NAME>
            <DATATYPE>TIMESTAMP_WITH_TIMEZONE</DATATYPE>
            <SCALE>6</SCALE>
         </COL_LIST_ITEM>
      </COL_LIST>
      <CHECK_CONSTRAINT_LIST>
         <CHECK_CONSTRAINT_LIST_ITEM>
            <NAME>EBA_CUST_NOTIF_TP_CC</NAME>
            <CONDITION>notification_type in ('RED','YELLOW')</CONDITION>
         </CHECK_CONSTRAINT_LIST_ITEM>
      </CHECK_CONSTRAINT_LIST>
      <PRIMARY_KEY_CONSTRAINT_LIST>
         <PRIMARY_KEY_CONSTRAINT_LIST_ITEM>
            <NAME>EBA_CUST_NOTIF_PK</NAME>
            <COL_LIST>
               <COL_LIST_ITEM>
                  <NAME>ID</NAME>
               </COL_LIST_ITEM>
            </COL_LIST>
            <USING_INDEX>
               <INDEX_ATTRIBUTES>
                  <PCTFREE>10</PCTFREE>
                  <INITRANS>2</INITRANS>
                  <MAXTRANS>255</MAXTRANS>
                                    <LOGGING>Y</LOGGING>
               </INDEX_ATTRIBUTES>
            </USING_INDEX>
         </PRIMARY_KEY_CONSTRAINT_LIST_ITEM>
      </PRIMARY_KEY_CONSTRAINT_LIST>
      <DEFAULT_COLLATION>USING_NLS_COMP</DEFAULT_COLLATION>
      <PHYSICAL_PROPERTIES>
         <HEAP_TABLE>
            <SEGMENT_ATTRIBUTES>
               <SEGMENT_CREATION_DEFERRED></SEGMENT_CREATION_DEFERRED>
               <PCTFREE>10</PCTFREE>
               <PCTUSED>40</PCTUSED>
               <INITRANS>1</INITRANS>
               <MAXTRANS>255</MAXTRANS>
                              <LOGGING>Y</LOGGING>
            </SEGMENT_ATTRIBUTES>
            <COMPRESS>N</COMPRESS>
         </HEAP_TABLE>
      </PHYSICAL_PROPERTIES>
   </RELATIONAL_TABLE>
</TABLE>]]></n0:source>
		</n0:createSxmlObject>
	</changeSet>
</databaseChangeLog>
