<?xml version="1.0" encoding="UTF-8"?>
<databaseChangeLog 
	xmlns="http://www.liquibase.org/xml/ns/dbchangelog" 
	xmlns:xsi="http://www.w3.org/2001/XMLSchema-instance" 
	xmlns:n0="http://www.oracle.com/xml/ns/dbchangelog-ext" 
	xsi:schemaLocation="http://www.liquibase.org/xml/ns/dbchangelog 
	http://www.liquibase.org/xml/ns/dbchangelog/dbchangelog-latest.xsd">
	<changeSet id="942ed59c97e4e717a3c308c0789ab08dcd0f2af4" author="(SAMPLE_CUSTOMERS)-Generated" failOnError="false"   runOnChange="true" runAlways="false"  >
		<n0:createSxmlObject objectName="EBA_CUST_CUSTOMERS" objectType="TABLE" ownerName="SAMPLE_CUSTOMERS"  replaceIfExists="true" >
			<n0:source><![CDATA[
  <TABLE xmlns="http://xmlns.oracle.com/ku" version="1.0">
   <SCHEMA>SAMPLE_CUSTOMERS</SCHEMA>
   <NAME>EBA_CUST_CUSTOMERS</NAME>
   <RELATIONAL_TABLE>
      <COL_LIST>
         <COL_LIST_ITEM>
            <NAME>ID</NAME>
            <DATATYPE>NUMBER</DATATYPE>
            <NOT_NULL></NOT_NULL>
         </COL_LIST_ITEM>
         <COL_LIST_ITEM>
            <NAME>PARENT_CUSTOMER_ID</NAME>
            <DATATYPE>NUMBER</DATATYPE>
         </COL_LIST_ITEM>
         <COL_LIST_ITEM>
            <NAME>ROW_VERSION_NUMBER</NAME>
            <DATATYPE>NUMBER</DATATYPE>
            <NOT_NULL></NOT_NULL>
         </COL_LIST_ITEM>
         <COL_LIST_ITEM>
            <NAME>ROW_KEY</NAME>
            <DATATYPE>VARCHAR2</DATATYPE>
            <LENGTH>60</LENGTH>
            <COLLATE_NAME>USING_NLS_COMP</COLLATE_NAME>
            <NOT_NULL></NOT_NULL>
         </COL_LIST_ITEM>
         <COL_LIST_ITEM>
            <NAME>CUSTOMER_NAME</NAME>
            <DATATYPE>VARCHAR2</DATATYPE>
            <LENGTH>255</LENGTH>
            <COLLATE_NAME>USING_NLS_COMP</COLLATE_NAME>
            <NOT_NULL></NOT_NULL>
         </COL_LIST_ITEM>
         <COL_LIST_ITEM>
            <NAME>CUSTOMER_NAME_UPPER</NAME>
            <DATATYPE>VARCHAR2</DATATYPE>
            <LENGTH>255</LENGTH>
            <COLLATE_NAME>USING_NLS_COMP</COLLATE_NAME>
            <NOT_NULL></NOT_NULL>
         </COL_LIST_ITEM>
         <COL_LIST_ITEM>
            <NAME>CUSTOMER_ACCOUNT_NUMBER</NAME>
            <DATATYPE>VARCHAR2</DATATYPE>
            <LENGTH>255</LENGTH>
            <COLLATE_NAME>USING_NLS_COMP</COLLATE_NAME>
         </COL_LIST_ITEM>
         <COL_LIST_ITEM>
            <NAME>INDUSTRY_ID</NAME>
            <DATATYPE>NUMBER</DATATYPE>
         </COL_LIST_ITEM>
         <COL_LIST_ITEM>
            <NAME>CATEGORY_ID</NAME>
            <DATATYPE>NUMBER</DATATYPE>
         </COL_LIST_ITEM>
         <COL_LIST_ITEM>
            <NAME>STATUS_ID</NAME>
            <DATATYPE>NUMBER</DATATYPE>
         </COL_LIST_ITEM>
         <COL_LIST_ITEM>
            <NAME>TYPE_ID</NAME>
            <DATATYPE>NUMBER</DATATYPE>
         </COL_LIST_ITEM>
         <COL_LIST_ITEM>
            <NAME>USE_CASE_ID</NAME>
            <DATATYPE>NUMBER</DATATYPE>
         </COL_LIST_ITEM>
         <COL_LIST_ITEM>
            <NAME>GEOGRAPHY_ID</NAME>
            <DATATYPE>NUMBER</DATATYPE>
         </COL_LIST_ITEM>
         <COL_LIST_ITEM>
            <NAME>COUNTRY_ID</NAME>
            <DATATYPE>NUMBER</DATATYPE>
         </COL_LIST_ITEM>
         <COL_LIST_ITEM>
            <NAME>DEFAULT_TIMEZONE</NAME>
            <DATATYPE>VARCHAR2</DATATYPE>
            <LENGTH>255</LENGTH>
            <COLLATE_NAME>USING_NLS_COMP</COLLATE_NAME>
         </COL_LIST_ITEM>
         <COL_LIST_ITEM>
            <NAME>REFERENCABLE</NAME>
            <DATATYPE>VARCHAR2</DATATYPE>
            <LENGTH>30</LENGTH>
            <COLLATE_NAME>USING_NLS_COMP</COLLATE_NAME>
         </COL_LIST_ITEM>
         <COL_LIST_ITEM>
            <NAME>MARQUEE_CUSTOMER_YN</NAME>
            <DATATYPE>VARCHAR2</DATATYPE>
            <LENGTH>1</LENGTH>
            <COLLATE_NAME>USING_NLS_COMP</COLLATE_NAME>
         </COL_LIST_ITEM>
         <COL_LIST_ITEM>
            <NAME>REFERENCE_PHASE_ID</NAME>
            <DATATYPE>NUMBER</DATATYPE>
         </COL_LIST_ITEM>
         <COL_LIST_ITEM>
            <NAME>REF_RECRUITMENT_OWNER</NAME>
            <DATATYPE>VARCHAR2</DATATYPE>
            <LENGTH>255</LENGTH>
            <COLLATE_NAME>USING_NLS_COMP</COLLATE_NAME>
         </COL_LIST_ITEM>
         <COL_LIST_ITEM>
            <NAME>STRATEGIC_CUSTOMER_PROGRAM_YN</NAME>
            <DATATYPE>VARCHAR2</DATATYPE>
            <LENGTH>1</LENGTH>
            <COLLATE_NAME>USING_NLS_COMP</COLLATE_NAME>
            <DEFAULT>'N'</DEFAULT>
         </COL_LIST_ITEM>
         <COL_LIST_ITEM>
            <NAME>TAGS</NAME>
            <DATATYPE>VARCHAR2</DATATYPE>
            <LENGTH>4000</LENGTH>
            <COLLATE_NAME>USING_NLS_COMP</COLLATE_NAME>
         </COL_LIST_ITEM>
         <COL_LIST_ITEM>
            <NAME>SALES_CHANNEL_ID</NAME>
            <DATATYPE>NUMBER</DATATYPE>
         </COL_LIST_ITEM>
         <COL_LIST_ITEM>
            <NAME>CUSTOMER_PRODUCTS</NAME>
            <DATATYPE>VARCHAR2</DATATYPE>
            <LENGTH>4000</LENGTH>
            <COLLATE_NAME>USING_NLS_COMP</COLLATE_NAME>
         </COL_LIST_ITEM>
         <COL_LIST_ITEM>
            <NAME>NUMBER_OF_USERS</NAME>
            <DATATYPE>VARCHAR2</DATATYPE>
            <LENGTH>60</LENGTH>
            <COLLATE_NAME>USING_NLS_COMP</COLLATE_NAME>
         </COL_LIST_ITEM>
         <COL_LIST_ITEM>
            <NAME>SUMMARY</NAME>
            <DATATYPE>VARCHAR2</DATATYPE>
            <LENGTH>4000</LENGTH>
            <COLLATE_NAME>USING_NLS_COMP</COLLATE_NAME>
         </COL_LIST_ITEM>
         <COL_LIST_ITEM>
            <NAME>CUSTOMER_PROFILE</NAME>
            <DATATYPE>CLOB</DATATYPE>
            <COLLATE_NAME>USING_NLS_COMP</COLLATE_NAME>
         </COL_LIST_ITEM>
         <COL_LIST_ITEM>
            <NAME>APPLICATIONS</NAME>
            <DATATYPE>CLOB</DATATYPE>
            <COLLATE_NAME>USING_NLS_COMP</COLLATE_NAME>
         </COL_LIST_ITEM>
         <COL_LIST_ITEM>
            <NAME>LOGO_BLOB</NAME>
            <DATATYPE>BLOB</DATATYPE>
         </COL_LIST_ITEM>
         <COL_LIST_ITEM>
            <NAME>LOGO_NAME</NAME>
            <DATATYPE>VARCHAR2</DATATYPE>
            <LENGTH>512</LENGTH>
            <COLLATE_NAME>USING_NLS_COMP</COLLATE_NAME>
         </COL_LIST_ITEM>
         <COL_LIST_ITEM>
            <NAME>LOGO_MIMETYPE</NAME>
            <DATATYPE>VARCHAR2</DATATYPE>
            <LENGTH>512</LENGTH>
            <COLLATE_NAME>USING_NLS_COMP</COLLATE_NAME>
         </COL_LIST_ITEM>
         <COL_LIST_ITEM>
            <NAME>LOGO_CHARSET</NAME>
            <DATATYPE>VARCHAR2</DATATYPE>
            <LENGTH>512</LENGTH>
            <COLLATE_NAME>USING_NLS_COMP</COLLATE_NAME>
         </COL_LIST_ITEM>
         <COL_LIST_ITEM>
            <NAME>LOGO_LASTUPD</NAME>
            <DATATYPE>DATE</DATATYPE>
         </COL_LIST_ITEM>
         <COL_LIST_ITEM>
            <NAME>WEB_SITE</NAME>
            <DATATYPE>VARCHAR2</DATATYPE>
            <LENGTH>1000</LENGTH>
            <COLLATE_NAME>USING_NLS_COMP</COLLATE_NAME>
         </COL_LIST_ITEM>
         <COL_LIST_ITEM>
            <NAME>LINKEDIN</NAME>
            <DATATYPE>VARCHAR2</DATATYPE>
            <LENGTH>1000</LENGTH>
            <COLLATE_NAME>USING_NLS_COMP</COLLATE_NAME>
         </COL_LIST_ITEM>
         <COL_LIST_ITEM>
            <NAME>FACEBOOK</NAME>
            <DATATYPE>VARCHAR2</DATATYPE>
            <LENGTH>1000</LENGTH>
            <COLLATE_NAME>USING_NLS_COMP</COLLATE_NAME>
         </COL_LIST_ITEM>
         <COL_LIST_ITEM>
            <NAME>TWITTER</NAME>
            <DATATYPE>VARCHAR2</DATATYPE>
            <LENGTH>1000</LENGTH>
            <COLLATE_NAME>USING_NLS_COMP</COLLATE_NAME>
         </COL_LIST_ITEM>
         <COL_LIST_ITEM>
            <NAME>STOCK_SYMBOL</NAME>
            <DATATYPE>VARCHAR2</DATATYPE>
            <LENGTH>30</LENGTH>
            <COLLATE_NAME>USING_NLS_COMP</COLLATE_NAME>
         </COL_LIST_ITEM>
         <COL_LIST_ITEM>
            <NAME>TOTAL_CONTRACT_VALUE</NAME>
            <DATATYPE>NUMBER</DATATYPE>
         </COL_LIST_ITEM>
         <COL_LIST_ITEM>
            <NAME>ANNUAL_RECURRING_REVENUE</NAME>
            <DATATYPE>NUMBER</DATATYPE>
         </COL_LIST_ITEM>
         <COL_LIST_ITEM>
            <NAME>CURRENCY</NAME>
            <DATATYPE>VARCHAR2</DATATYPE>
            <LENGTH>20</LENGTH>
            <COLLATE_NAME>USING_NLS_COMP</COLLATE_NAME>
         </COL_LIST_ITEM>
         <COL_LIST_ITEM>
            <NAME>DISCOUNT_LEVEL</NAME>
            <DATATYPE>NUMBER</DATATYPE>
         </COL_LIST_ITEM>
         <COL_LIST_ITEM>
            <NAME>SIC</NAME>
            <DATATYPE>VARCHAR2</DATATYPE>
            <LENGTH>30</LENGTH>
            <COLLATE_NAME>USING_NLS_COMP</COLLATE_NAME>
         </COL_LIST_ITEM>
         <COL_LIST_ITEM>
            <NAME>DUNS</NAME>
            <DATATYPE>VARCHAR2</DATATYPE>
            <LENGTH>30</LENGTH>
            <COLLATE_NAME>USING_NLS_COMP</COLLATE_NAME>
         </COL_LIST_ITEM>
         <COL_LIST_ITEM>
            <NAME>SUPPORT_ID</NAME>
            <DATATYPE>VARCHAR2</DATATYPE>
            <LENGTH>50</LENGTH>
            <COLLATE_NAME>USING_NLS_COMP</COLLATE_NAME>
         </COL_LIST_ITEM>
         <COL_LIST_ITEM>
            <NAME>PARTY_ID</NAME>
            <DATATYPE>VARCHAR2</DATATYPE>
            <LENGTH>50</LENGTH>
            <COLLATE_NAME>USING_NLS_COMP</COLLATE_NAME>
         </COL_LIST_ITEM>
         <COL_LIST_ITEM>
            <NAME>PARENT_PARTY_ID</NAME>
            <DATATYPE>VARCHAR2</DATATYPE>
            <LENGTH>50</LENGTH>
            <COLLATE_NAME>USING_NLS_COMP</COLLATE_NAME>
         </COL_LIST_ITEM>
         <COL_LIST_ITEM>
            <NAME>PARTY_NAME</NAME>
            <DATATYPE>VARCHAR2</DATATYPE>
            <LENGTH>255</LENGTH>
            <COLLATE_NAME>USING_NLS_COMP</COLLATE_NAME>
         </COL_LIST_ITEM>
         <COL_LIST_ITEM>
            <NAME>PARTENT_PARTY_NAME</NAME>
            <DATATYPE>VARCHAR2</DATATYPE>
            <LENGTH>255</LENGTH>
            <COLLATE_NAME>USING_NLS_COMP</COLLATE_NAME>
         </COL_LIST_ITEM>
         <COL_LIST_ITEM>
            <NAME>CREATED</NAME>
            <DATATYPE>TIMESTAMP_WITH_TIMEZONE</DATATYPE>
            <SCALE>6</SCALE>
            <NOT_NULL></NOT_NULL>
         </COL_LIST_ITEM>
         <COL_LIST_ITEM>
            <NAME>CREATED_BY</NAME>
            <DATATYPE>VARCHAR2</DATATYPE>
            <LENGTH>255</LENGTH>
            <COLLATE_NAME>USING_NLS_COMP</COLLATE_NAME>
            <NOT_NULL></NOT_NULL>
         </COL_LIST_ITEM>
         <COL_LIST_ITEM>
            <NAME>UPDATED</NAME>
            <DATATYPE>TIMESTAMP_WITH_TIMEZONE</DATATYPE>
            <SCALE>6</SCALE>
         </COL_LIST_ITEM>
         <COL_LIST_ITEM>
            <NAME>UPDATED_BY</NAME>
            <DATATYPE>VARCHAR2</DATATYPE>
            <LENGTH>255</LENGTH>
            <COLLATE_NAME>USING_NLS_COMP</COLLATE_NAME>
         </COL_LIST_ITEM>
      </COL_LIST>
      <PRIMARY_KEY_CONSTRAINT_LIST>
         <PRIMARY_KEY_CONSTRAINT_LIST_ITEM>
            <NAME>EBA_CUST_CUSTOMERS_PK</NAME>
            <COL_LIST>
               <COL_LIST_ITEM>
                  <NAME>ID</NAME>
               </COL_LIST_ITEM>
            </COL_LIST>
            <USING_INDEX>
               <INDEX_ATTRIBUTES>
                  <PCTFREE>10</PCTFREE>
                  <INITRANS>2</INITRANS>
                  <MAXTRANS>255</MAXTRANS>
                  <STORAGE>
                     <INITIAL>65536</INITIAL>
                     <NEXT>1048576</NEXT>
                     <MINEXTENTS>1</MINEXTENTS>
                     <MAXEXTENTS>2147483645</MAXEXTENTS>
                     <PCTINCREASE>0</PCTINCREASE>
                     <FREELISTS>1</FREELISTS>
                     <FREELIST_GROUPS>1</FREELIST_GROUPS>
                     <BUFFER_POOL>DEFAULT</BUFFER_POOL>
                     <FLASH_CACHE>DEFAULT</FLASH_CACHE>
                     <CELL_FLASH_CACHE>DEFAULT</CELL_FLASH_CACHE>
                  </STORAGE>
                                    <LOGGING>Y</LOGGING>
               </INDEX_ATTRIBUTES>
            </USING_INDEX>
         </PRIMARY_KEY_CONSTRAINT_LIST_ITEM>
      </PRIMARY_KEY_CONSTRAINT_LIST>
      <UNIQUE_KEY_CONSTRAINT_LIST>
         <UNIQUE_KEY_CONSTRAINT_LIST_ITEM>
            <NAME>EBA_CUST_CUSTOMERS_UK</NAME>
            <COL_LIST>
               <COL_LIST_ITEM>
                  <NAME>CUSTOMER_NAME</NAME>
               </COL_LIST_ITEM>
            </COL_LIST>
            <USING_INDEX>
               <INDEX_ATTRIBUTES>
                  <PCTFREE>10</PCTFREE>
                  <INITRANS>2</INITRANS>
                  <MAXTRANS>255</MAXTRANS>
                  <STORAGE>
                     <INITIAL>65536</INITIAL>
                     <NEXT>1048576</NEXT>
                     <MINEXTENTS>1</MINEXTENTS>
                     <MAXEXTENTS>2147483645</MAXEXTENTS>
                     <PCTINCREASE>0</PCTINCREASE>
                     <FREELISTS>1</FREELISTS>
                     <FREELIST_GROUPS>1</FREELIST_GROUPS>
                     <BUFFER_POOL>DEFAULT</BUFFER_POOL>
                     <FLASH_CACHE>DEFAULT</FLASH_CACHE>
                     <CELL_FLASH_CACHE>DEFAULT</CELL_FLASH_CACHE>
                  </STORAGE>
                                    <LOGGING>Y</LOGGING>
               </INDEX_ATTRIBUTES>
            </USING_INDEX>
         </UNIQUE_KEY_CONSTRAINT_LIST_ITEM>
      </UNIQUE_KEY_CONSTRAINT_LIST>
      <FOREIGN_KEY_CONSTRAINT_LIST>
         <FOREIGN_KEY_CONSTRAINT_LIST_ITEM>
            <NAME>EBA_CUST_CUSTOMERS_INDUSTRY_FK</NAME>
            <COL_LIST>
               <COL_LIST_ITEM>
                  <NAME>INDUSTRY_ID</NAME>
               </COL_LIST_ITEM>
            </COL_LIST>
            <REFERENCES>
               <SCHEMA>SAMPLE_CUSTOMERS</SCHEMA>
               <NAME>EBA_CUST_INDUSTRIES</NAME>
               <COL_LIST>
                  <COL_LIST_ITEM>
                     <NAME>ID</NAME>
                  </COL_LIST_ITEM>
               </COL_LIST>
               <ON_DELETE>CASCADE</ON_DELETE>
            </REFERENCES>
         </FOREIGN_KEY_CONSTRAINT_LIST_ITEM>
         <FOREIGN_KEY_CONSTRAINT_LIST_ITEM>
            <NAME>EBA_CUSTOMERS_CATEGORY_FK</NAME>
            <COL_LIST>
               <COL_LIST_ITEM>
                  <NAME>CATEGORY_ID</NAME>
               </COL_LIST_ITEM>
            </COL_LIST>
            <REFERENCES>
               <SCHEMA>SAMPLE_CUSTOMERS</SCHEMA>
               <NAME>EBA_CUST_CATEGORIES</NAME>
               <COL_LIST>
                  <COL_LIST_ITEM>
                     <NAME>ID</NAME>
                  </COL_LIST_ITEM>
               </COL_LIST>
               <ON_DELETE>CASCADE</ON_DELETE>
            </REFERENCES>
         </FOREIGN_KEY_CONSTRAINT_LIST_ITEM>
         <FOREIGN_KEY_CONSTRAINT_LIST_ITEM>
            <NAME>EBA_CUSTOMERS_STATUS_FK</NAME>
            <COL_LIST>
               <COL_LIST_ITEM>
                  <NAME>STATUS_ID</NAME>
               </COL_LIST_ITEM>
            </COL_LIST>
            <REFERENCES>
               <SCHEMA>SAMPLE_CUSTOMERS</SCHEMA>
               <NAME>EBA_CUST_STATUS</NAME>
               <COL_LIST>
                  <COL_LIST_ITEM>
                     <NAME>ID</NAME>
                  </COL_LIST_ITEM>
               </COL_LIST>
               <ON_DELETE>CASCADE</ON_DELETE>
            </REFERENCES>
         </FOREIGN_KEY_CONSTRAINT_LIST_ITEM>
         <FOREIGN_KEY_CONSTRAINT_LIST_ITEM>
            <NAME>EBA_CUSTOMERS_TYPE_FK</NAME>
            <COL_LIST>
               <COL_LIST_ITEM>
                  <NAME>TYPE_ID</NAME>
               </COL_LIST_ITEM>
            </COL_LIST>
            <REFERENCES>
               <SCHEMA>SAMPLE_CUSTOMERS</SCHEMA>
               <NAME>EBA_CUST_TYPE</NAME>
               <COL_LIST>
                  <COL_LIST_ITEM>
                     <NAME>ID</NAME>
                  </COL_LIST_ITEM>
               </COL_LIST>
               <ON_DELETE>CASCADE</ON_DELETE>
            </REFERENCES>
         </FOREIGN_KEY_CONSTRAINT_LIST_ITEM>
         <FOREIGN_KEY_CONSTRAINT_LIST_ITEM>
            <NAME>EBA_CUSTOMERS_USE_CASE_FK</NAME>
            <COL_LIST>
               <COL_LIST_ITEM>
                  <NAME>USE_CASE_ID</NAME>
               </COL_LIST_ITEM>
            </COL_LIST>
            <REFERENCES>
               <SCHEMA>SAMPLE_CUSTOMERS</SCHEMA>
               <NAME>EBA_CUST_USE_CASE</NAME>
               <COL_LIST>
                  <COL_LIST_ITEM>
                     <NAME>ID</NAME>
                  </COL_LIST_ITEM>
               </COL_LIST>
               <ON_DELETE>CASCADE</ON_DELETE>
            </REFERENCES>
         </FOREIGN_KEY_CONSTRAINT_LIST_ITEM>
         <FOREIGN_KEY_CONSTRAINT_LIST_ITEM>
            <NAME>EBA_CUSTOMERS_GEOGRAPHY_FK</NAME>
            <COL_LIST>
               <COL_LIST_ITEM>
                  <NAME>GEOGRAPHY_ID</NAME>
               </COL_LIST_ITEM>
            </COL_LIST>
            <REFERENCES>
               <SCHEMA>SAMPLE_CUSTOMERS</SCHEMA>
               <NAME>EBA_CUST_GEOGRAPHIES</NAME>
               <COL_LIST>
                  <COL_LIST_ITEM>
                     <NAME>ID</NAME>
                  </COL_LIST_ITEM>
               </COL_LIST>
               <ON_DELETE>CASCADE</ON_DELETE>
            </REFERENCES>
         </FOREIGN_KEY_CONSTRAINT_LIST_ITEM>
         <FOREIGN_KEY_CONSTRAINT_LIST_ITEM>
            <NAME>EBA_CUSTOMERS_COUNTRY_FK</NAME>
            <COL_LIST>
               <COL_LIST_ITEM>
                  <NAME>COUNTRY_ID</NAME>
               </COL_LIST_ITEM>
            </COL_LIST>
            <REFERENCES>
               <SCHEMA>SAMPLE_CUSTOMERS</SCHEMA>
               <NAME>EBA_CUST_COUNTRIES</NAME>
               <COL_LIST>
                  <COL_LIST_ITEM>
                     <NAME>ID</NAME>
                  </COL_LIST_ITEM>
               </COL_LIST>
               <ON_DELETE>CASCADE</ON_DELETE>
            </REFERENCES>
         </FOREIGN_KEY_CONSTRAINT_LIST_ITEM>
         <FOREIGN_KEY_CONSTRAINT_LIST_ITEM>
            <NAME>EBA_CUSTOMERS_PARENT_FK</NAME>
            <COL_LIST>
               <COL_LIST_ITEM>
                  <NAME>PARENT_CUSTOMER_ID</NAME>
               </COL_LIST_ITEM>
            </COL_LIST>
            <REFERENCES>
               <SCHEMA>SAMPLE_CUSTOMERS</SCHEMA>
               <NAME>EBA_CUST_CUSTOMERS</NAME>
               <COL_LIST>
                  <COL_LIST_ITEM>
                     <NAME>ID</NAME>
                  </COL_LIST_ITEM>
               </COL_LIST>
               <ON_DELETE>CASCADE</ON_DELETE>
            </REFERENCES>
         </FOREIGN_KEY_CONSTRAINT_LIST_ITEM>
      </FOREIGN_KEY_CONSTRAINT_LIST>
      <DEFAULT_COLLATION>USING_NLS_COMP</DEFAULT_COLLATION>
      <PHYSICAL_PROPERTIES>
         <HEAP_TABLE>
            <SEGMENT_ATTRIBUTES>
               <SEGMENT_CREATION_IMMEDIATE></SEGMENT_CREATION_IMMEDIATE>
               <PCTFREE>10</PCTFREE>
               <PCTUSED>40</PCTUSED>
               <INITRANS>1</INITRANS>
               <MAXTRANS>255</MAXTRANS>
               <STORAGE>
                  <INITIAL>65536</INITIAL>
                  <NEXT>1048576</NEXT>
                  <MINEXTENTS>1</MINEXTENTS>
                  <MAXEXTENTS>2147483645</MAXEXTENTS>
                  <PCTINCREASE>0</PCTINCREASE>
                  <FREELISTS>1</FREELISTS>
                  <FREELIST_GROUPS>1</FREELIST_GROUPS>
                  <BUFFER_POOL>DEFAULT</BUFFER_POOL>
                  <FLASH_CACHE>DEFAULT</FLASH_CACHE>
                  <CELL_FLASH_CACHE>DEFAULT</CELL_FLASH_CACHE>
               </STORAGE>
                              <LOGGING>Y</LOGGING>
            </SEGMENT_ATTRIBUTES>
            <COMPRESS>N</COMPRESS>
         </HEAP_TABLE>
      </PHYSICAL_PROPERTIES>
      <TABLE_PROPERTIES>
         <COLUMN_PROPERTIES>
            <COL_LIST>
               <COL_LIST_ITEM>
                  <NAME>CUSTOMER_PROFILE</NAME>
                  <DATATYPE>CLOB</DATATYPE>
                  <LOB_PROPERTIES>
                     <STORAGE_TABLE>
                                                <SECUREFILE></SECUREFILE>
                        <STORAGE_IN_ROW>4000</STORAGE_IN_ROW>
                        <STORAGE>
                           <INITIAL>262144</INITIAL>
                           <NEXT>1048576</NEXT>
                           <MINEXTENTS>1</MINEXTENTS>
                           <MAXEXTENTS>2147483645</MAXEXTENTS>
                           <PCTINCREASE>0</PCTINCREASE>
                           <BUFFER_POOL>DEFAULT</BUFFER_POOL>
                           <FLASH_CACHE>DEFAULT</FLASH_CACHE>
                           <CELL_FLASH_CACHE>DEFAULT</CELL_FLASH_CACHE>
                        </STORAGE>
                        <CHUNK>8192</CHUNK>
                        <CACHE>N</CACHE>
                        <LOGGING>Y</LOGGING>
                        <VALIDATE>N</VALIDATE>
                     </STORAGE_TABLE>
                  </LOB_PROPERTIES>
               </COL_LIST_ITEM>
               <COL_LIST_ITEM>
                  <NAME>APPLICATIONS</NAME>
                  <DATATYPE>CLOB</DATATYPE>
                  <LOB_PROPERTIES>
                     <STORAGE_TABLE>
                                                <SECUREFILE></SECUREFILE>
                        <STORAGE_IN_ROW>4000</STORAGE_IN_ROW>
                        <STORAGE>
                           <INITIAL>262144</INITIAL>
                           <NEXT>1048576</NEXT>
                           <MINEXTENTS>1</MINEXTENTS>
                           <MAXEXTENTS>2147483645</MAXEXTENTS>
                           <PCTINCREASE>0</PCTINCREASE>
                           <BUFFER_POOL>DEFAULT</BUFFER_POOL>
                           <FLASH_CACHE>DEFAULT</FLASH_CACHE>
                           <CELL_FLASH_CACHE>DEFAULT</CELL_FLASH_CACHE>
                        </STORAGE>
                        <CHUNK>8192</CHUNK>
                        <CACHE>N</CACHE>
                        <LOGGING>Y</LOGGING>
                        <VALIDATE>N</VALIDATE>
                     </STORAGE_TABLE>
                  </LOB_PROPERTIES>
               </COL_LIST_ITEM>
               <COL_LIST_ITEM>
                  <NAME>LOGO_BLOB</NAME>
                  <DATATYPE>BLOB</DATATYPE>
                  <LOB_PROPERTIES>
                     <STORAGE_TABLE>
                                                <SECUREFILE></SECUREFILE>
                        <STORAGE_IN_ROW>4000</STORAGE_IN_ROW>
                        <STORAGE>
                           <INITIAL>262144</INITIAL>
                           <NEXT>1048576</NEXT>
                           <MINEXTENTS>1</MINEXTENTS>
                           <MAXEXTENTS>2147483645</MAXEXTENTS>
                           <PCTINCREASE>0</PCTINCREASE>
                           <BUFFER_POOL>DEFAULT</BUFFER_POOL>
                           <FLASH_CACHE>DEFAULT</FLASH_CACHE>
                           <CELL_FLASH_CACHE>DEFAULT</CELL_FLASH_CACHE>
                        </STORAGE>
                        <CHUNK>8192</CHUNK>
                        <CACHE>N</CACHE>
                        <LOGGING>Y</LOGGING>
                        <VALIDATE>N</VALIDATE>
                     </STORAGE_TABLE>
                  </LOB_PROPERTIES>
               </COL_LIST_ITEM>
            </COL_LIST>
         </COLUMN_PROPERTIES>
      </TABLE_PROPERTIES>
   </RELATIONAL_TABLE>
</TABLE>]]></n0:source>
		</n0:createSxmlObject>
	</changeSet>
</databaseChangeLog>
