<?xml version="1.0" encoding="UTF-8"?>
<databaseChangeLog 
	xmlns="http://www.liquibase.org/xml/ns/dbchangelog" 
	xmlns:xsi="http://www.w3.org/2001/XMLSchema-instance" 
	xmlns:n0="http://www.oracle.com/xml/ns/dbchangelog-ext" 
	xsi:schemaLocation="http://www.liquibase.org/xml/ns/dbchangelog 
	http://www.liquibase.org/xml/ns/dbchangelog/dbchangelog-latest.xsd">
	<changeSet id="8a5d708e1d2c78126f64210e71f4ab97a9986e91" author="(SAMPLE_CUSTOMERS)-Generated" failOnError="false"   runOnChange="true" runAlways="false"  >
		<n0:createSxmlObject objectName="EBA_CUST_ACCESS_LEVELS" objectType="TABLE" ownerName="SAMPLE_CUSTOMERS"  replaceIfExists="true" >
			<n0:source><![CDATA[
  <TABLE xmlns="http://xmlns.oracle.com/ku" version="1.0">
   <SCHEMA>SAMPLE_CUSTOMERS</SCHEMA>
   <NAME>EBA_CUST_ACCESS_LEVELS</NAME>
   <RELATIONAL_TABLE>
      <COL_LIST>
         <COL_LIST_ITEM>
            <NAME>ID</NAME>
            <DATATYPE>NUMBER</DATATYPE>
            <NOT_NULL></NOT_NULL>
         </COL_LIST_ITEM>
         <COL_LIST_ITEM>
            <NAME>ACCESS_LEVEL</NAME>
            <DATATYPE>VARCHAR2</DATATYPE>
            <LENGTH>30</LENGTH>
            <COLLATE_NAME>USING_NLS_COMP</COLLATE_NAME>
            <NOT_NULL></NOT_NULL>
         </COL_LIST_ITEM>
         <COL_LIST_ITEM>
            <NAME>ROW_VERSION</NAME>
            <DATATYPE>NUMBER</DATATYPE>
         </COL_LIST_ITEM>
      </COL_LIST>
      <CHECK_CONSTRAINT_LIST>
         <CHECK_CONSTRAINT_LIST_ITEM>
            <NAME>EBA_CUST_ACC_LVL_ACC_LVL_CK</NAME>
            <CONDITION>access_level in (
                                                    'Administrator',
                                                    'Contributor',
                                                    'Reader' )</CONDITION>
         </CHECK_CONSTRAINT_LIST_ITEM>
      </CHECK_CONSTRAINT_LIST>
      <PRIMARY_KEY_CONSTRAINT_LIST>
         <PRIMARY_KEY_CONSTRAINT_LIST_ITEM>
            <NAME>EBA_CUST_ACCESS_LEVELS_PK</NAME>
            <COL_LIST>
               <COL_LIST_ITEM>
                  <NAME>ID</NAME>
               </COL_LIST_ITEM>
            </COL_LIST>
            <USING_INDEX>
               <INDEX_ATTRIBUTES>
                  <PCTFREE>10</PCTFREE>
                  <INITRANS>2</INITRANS>
                  <MAXTRANS>255</MAXTRANS>
                  <STORAGE>
                     <INITIAL>65536</INITIAL>
                     <NEXT>1048576</NEXT>
                     <MINEXTENTS>1</MINEXTENTS>
                     <MAXEXTENTS>2147483645</MAXEXTENTS>
                     <PCTINCREASE>0</PCTINCREASE>
                     <FREELISTS>1</FREELISTS>
                     <FREELIST_GROUPS>1</FREELIST_GROUPS>
                     <BUFFER_POOL>DEFAULT</BUFFER_POOL>
                     <FLASH_CACHE>DEFAULT</FLASH_CACHE>
                     <CELL_FLASH_CACHE>DEFAULT</CELL_FLASH_CACHE>
                  </STORAGE>
                                    <LOGGING>Y</LOGGING>
               </INDEX_ATTRIBUTES>
            </USING_INDEX>
         </PRIMARY_KEY_CONSTRAINT_LIST_ITEM>
      </PRIMARY_KEY_CONSTRAINT_LIST>
      <DEFAULT_COLLATION>USING_NLS_COMP</DEFAULT_COLLATION>
      <PHYSICAL_PROPERTIES>
         <HEAP_TABLE>
            <SEGMENT_ATTRIBUTES>
               <SEGMENT_CREATION_IMMEDIATE></SEGMENT_CREATION_IMMEDIATE>
               <PCTFREE>10</PCTFREE>
               <PCTUSED>40</PCTUSED>
               <INITRANS>1</INITRANS>
               <MAXTRANS>255</MAXTRANS>
               <STORAGE>
                  <INITIAL>65536</INITIAL>
                  <NEXT>1048576</NEXT>
                  <MINEXTENTS>1</MINEXTENTS>
                  <MAXEXTENTS>2147483645</MAXEXTENTS>
                  <PCTINCREASE>0</PCTINCREASE>
                  <FREELISTS>1</FREELISTS>
                  <FREELIST_GROUPS>1</FREELIST_GROUPS>
                  <BUFFER_POOL>DEFAULT</BUFFER_POOL>
                  <FLASH_CACHE>DEFAULT</FLASH_CACHE>
                  <CELL_FLASH_CACHE>DEFAULT</CELL_FLASH_CACHE>
               </STORAGE>
                              <LOGGING>Y</LOGGING>
            </SEGMENT_ATTRIBUTES>
            <COMPRESS>N</COMPRESS>
         </HEAP_TABLE>
      </PHYSICAL_PROPERTIES>
   </RELATIONAL_TABLE>
</TABLE>]]></n0:source>
		</n0:createSxmlObject>
	</changeSet>
</databaseChangeLog>
