<?xml version="1.0" encoding="UTF-8"?>
<!--
############ 2023.04.17.16.17.53 #################################
############ ddl.parms  ########################################
BODY                           : ON
COLLATION_CLAUSE               : NEVER
CONSTRAINTS                    : ON
CONSTRAINTS_AS_ALTER           : ON
EMIT_SCHEMA                    : OFF
FORCE                          : ON
INHERIT                        : ON
INSERT                         : ON
OID                            : ON
PARTITIONING                   : OFF
PRETTY                         : ON
REF_CONSTRAINTS                : ON
SEGMENT_ATTRIBUTES             : OFF
SIZE_BYTE_KEYWORD              : ON
SPECIFICATION                  : ON
SQLTERMINATOR                  : ON
STORAGE                        : OFF
TABLESPACE                     : OFF

############ lb.parameters ########################################
basecommand                    : lb
command                        : generate-schema
database-changelog-table-name  : DATABASECHANGELOG
fail-on-error                  : false
grants                         : true
log                            : false
replace                        : true
runalways                      : false
runonchange                    : true
split                          : true
sqlclversion                   : 23.1.0.0
synonyms                       : true
############ End Parameters #######################################
-->
<databaseChangeLog 
        xmlns="http://www.liquibase.org/xml/ns/dbchangelog" 
        xmlns:xsi="http://www.w3.org/2001/XMLSchema-instance" 
        xmlns:n0="http://www.oracle.com/xml/ns/dbchangelog-ext" 
        xsi:schemaLocation="http://www.liquibase.org/xml/ns/dbchangelog 
        http://www.liquibase.org/xml/ns/dbchangelog/dbchangelog-latest.xsd">
  <include file="sequence\eba_cust_seq_sequence.xml"/> 
  <include file="table\eba_cust_errors_table.xml"/> 
  <include file="table\eba_cust_tz_pref_table.xml"/> 
  <include file="table\eba_cust_geographies_table.xml"/> 
  <include file="table\eba_cust_history_table.xml"/> 
  <include file="table\eba_cust_access_levels_table.xml"/> 
  <include file="table\eba_cust_contact_types_table.xml"/> 
  <include file="table\eba_cust_product_statuses_table.xml"/> 
  <include file="table\eba_cust_reference_types_table.xml"/> 
  <include file="table\eba_cust_error_lookup_table.xml"/> 
  <include file="table\eba_cust_preferences_table.xml"/> 
  <include file="table\eba_cust_industries_table.xml"/> 
  <include file="table\eba_cust_categories_table.xml"/> 
  <include file="table\eba_cust_status_table.xml"/> 
  <include file="table\eba_cust_type_table.xml"/> 
  <include file="table\eba_cust_use_case_table.xml"/> 
  <include file="table\eba_cust_product_families_table.xml"/> 
  <include file="table\eba_cust_sales_channel_table.xml"/> 
  <include file="table\eba_cust_views_log_table.xml"/> 
  <include file="table\eba_cust_administrators_table.xml"/> 
  <include file="table\eba_cust_tags_table.xml"/> 
  <include file="table\eba_cust_tags_type_sum_table.xml"/> 
  <include file="table\eba_cust_tags_sum_table.xml"/> 
  <include file="table\eba_cust_issue_statuses_table.xml"/> 
  <include file="table\eba_cust_impl_partners_table.xml"/> 
  <include file="table\eba_cust_competitors_table.xml"/> 
  <include file="table\eba_cust_activity_types_table.xml"/> 
  <include file="table\eba_cust_notifications_table.xml"/> 
  <include file="table\eba_cust_clicks_table.xml"/> 
  <include file="table\eba_cust_verifications_table.xml"/> 
  <include file="table\eba_cust_ref_phase_table.xml"/> 
  <include file="table\eba_cust_feedback_types_table.xml"/> 
  <include file="table\eba_cust_email_log_table.xml"/> 
  <include file="package_spec\eba_cust_fw_package_spec.xml"/> 
  <include file="package_spec\eba_cust_package_spec.xml"/> 
  <include file="package_spec\eba_cust_sample_data_package_spec.xml"/> 
  <include file="package_spec\eba_cust_email_package_spec.xml"/> 
  <include file="package_spec\ut_eba_cust_fw_package_spec.xml"/> 
  <include file="table\eba_cust_countries_table.xml"/> 
  <include file="table\eba_cust_customers_table.xml"/> 
  <include file="table\eba_cust_files_table.xml"/> 
  <include file="table\eba_cust_users_table.xml"/> 
  <include file="table\eba_cust_contacts_table.xml"/> 
  <include file="table\eba_cust_notes_table.xml"/> 
  <include file="table\eba_cust_customer_reftype_ref_table.xml"/> 
  <include file="table\eba_cust_products_table.xml"/> 
  <include file="table\eba_cust_product_uses_table.xml"/> 
  <include file="table\eba_cust_links_table.xml"/> 
  <include file="table\eba_cust_issues_table.xml"/> 
  <include file="table\eba_cust_cust_partner_ref_table.xml"/> 
  <include file="table\eba_cust_cust_competitor_ref_table.xml"/> 
  <include file="table\eba_cust_activities_table.xml"/> 
  <include file="table\eba_cust_activity_files_table.xml"/> 
  <include file="table\eba_cust_activity_ref_table.xml"/> 
  <include file="table\eba_cust_acl_features_table.xml"/> 
  <include file="table\eba_cust_feedback_table.xml"/> 
  <include file="view\eba_cust_customers_v_view.xml"/> 
  <include file="procedure\eba_cust_tz_init_procedure.xml"/> 
  <include file="synonym\logger_synonym.xml"/> 
  <include file="synonym\logger_logs_synonym.xml"/> 
  <include file="synonym\logger_logs_apex_items_synonym.xml"/> 
  <include file="synonym\logger_prefs_synonym.xml"/> 
  <include file="synonym\logger_prefs_by_client_id_synonym.xml"/> 
  <include file="synonym\logger_logs_5_min_synonym.xml"/> 
  <include file="synonym\logger_logs_60_min_synonym.xml"/> 
  <include file="synonym\logger_logs_terse_synonym.xml"/> 
  <include file="index\eba_cust_product_uses_01_index.xml"/> 
  <include file="index\eba_cust_feedback_type_idx_index.xml"/> 
  <include file="index\eba_cust_links_01_index.xml"/> 
  <include file="index\eba_cust_users_uk_index.xml"/> 
  <include file="index\eba_cust_activity_ref_idx2_index.xml"/> 
  <include file="index\eba_cust_customers_07_index.xml"/> 
  <include file="index\eba_cust_products_uk_index.xml"/> 
  <include file="index\eba_cust_customers_04_index.xml"/> 
  <include file="index\eba_cust_prod_families_uk_index.xml"/> 
  <include file="index\eba_cust_acl_features_uk_index.xml"/> 
  <include file="index\eba_cust_categories_uk_index.xml"/> 
  <include file="index\eba_cust_use_case_uk_index.xml"/> 
  <include file="index\eba_cust_customers_06_index.xml"/> 
  <include file="index\eba_cust_activity_files_idx1_index.xml"/> 
  <include file="index\eba_cust_contacts_02_index.xml"/> 
  <include file="index\eba_cust_notif_uk_index.xml"/> 
  <include file="index\eba_cust_sales_channel_uk_index.xml"/> 
  <include file="index\eba_cust_activity_ref_idx3_index.xml"/> 
  <include file="index\eba_cust_customers_05_index.xml"/> 
  <include file="index\eba_cust_administrators_uk_index.xml"/> 
  <include file="index\eba_cust_files_01_index.xml"/> 
  <include file="index\eba_cust_errors_i1_index.xml"/> 
  <include file="index\eba_cust_users_acc_lvl_idx_index.xml"/> 
  <include file="index\eba_cust_clicks_idx1_index.xml"/> 
  <include file="index\eba_cust_activity_types_uk_index.xml"/> 
  <include file="index\eba_cust_geographies_uk_index.xml"/> 
  <include file="index\eba_cust_history_i1_index.xml"/> 
  <include file="index\eba_cust_customers_02_index.xml"/> 
  <include file="index\eba_cust_activity_ref_idx1_index.xml"/> 
  <include file="index\eba_cust_product_uses_02_index.xml"/> 
  <include file="index\eba_cust_ref_phase_uk_index.xml"/> 
  <include file="index\eba_cust_links_02_index.xml"/> 
  <include file="index\eba_cust_countries_i2_index.xml"/> 
  <include file="index\eba_cust_reference_types_uk_index.xml"/> 
  <include file="index\eba_cust_cust_partner_ref_u1_index.xml"/> 
  <include file="index\eba_cust_email_log_n1_index.xml"/> 
  <include file="index\eba_cust_customers_uk_index.xml"/> 
  <include file="index\eba_cust_customers_03_index.xml"/> 
  <include file="index\eba_cust_status_uk_index.xml"/> 
  <include file="index\eba_cust_error_lookup_uk_index.xml"/> 
  <include file="index\eba_cust_activities_idx1_index.xml"/> 
  <include file="index\eba_cust_clicks_idx2_index.xml"/> 
  <include file="index\eba_cust_email_log_n2_index.xml"/> 
  <include file="index\eba_cust_countries_i1_index.xml"/> 
  <include file="index\eba_cust_verify_idx1_index.xml"/> 
  <include file="index\eba_cust_competitors_uk_index.xml"/> 
  <include file="index\eba_cust_contact_types_uk_index.xml"/> 
  <include file="index\eba_cust_notes_i1_index.xml"/> 
  <include file="index\eba_cust_impl_partners_uk_index.xml"/> 
  <include file="index\eba_cust_type_uk_index.xml"/> 
  <include file="index\eba_cust_customer_reftype_uk_index.xml"/> 
  <include file="index\eba_cust_customers_01_index.xml"/> 
  <include file="index\eba_cust_contacts_01_index.xml"/> 
  <include file="index\eba_cust_preferences_uk_index.xml"/> 
  <include file="index\eba_cust_industries_uk_index.xml"/> 
  <include file="index\eba_cust_access_levels_uk_index.xml"/> 
  <include file="index\eba_cust_notes_contact_idx_index.xml"/> 
  <include file="index\eba_cust_cust_compe_ref_u1_index.xml"/> 
  <include file="trigger\bi_eba_cust_errors_trigger.xml"/> 
  <include file="trigger\biu_eba_cust_tz_pref_trigger.xml"/> 
  <include file="trigger\biu_eba_cust_countries_trigger.xml"/> 
  <include file="trigger\biu_eba_cust_history_trigger.xml"/> 
  <include file="trigger\biu_eba_cust_reference_types_trigger.xml"/> 
  <include file="trigger\biu_eba_cust_cust_reftype_ref_trigger.xml"/> 
  <include file="trigger\biu_eba_cust_product_families_trigger.xml"/> 
  <include file="trigger\biu_eba_cust_sales_channel_trigger.xml"/> 
  <include file="trigger\bi_eba_cust_views_log_trigger.xml"/> 
  <include file="trigger\biu_eba_cust_issue_statuses_trigger.xml"/> 
  <include file="trigger\biu_eba_cust_issues_trigger.xml"/> 
  <include file="trigger\biu_eba_cust_impl_partners_trigger.xml"/> 
  <include file="trigger\biu_eba_cust_cust_partner_ref_trigger.xml"/> 
  <include file="trigger\biu_eba_cust_competitors_trigger.xml"/> 
  <include file="trigger\biu_eba_cust_cust_comp_ref_trigger.xml"/> 
  <include file="trigger\biu_eba_cust_activity_types_trigger.xml"/> 
  <include file="trigger\biu_eba_cust_activities_trigger.xml"/> 
  <include file="trigger\biu_eba_cust_activity_files_trigger.xml"/> 
  <include file="trigger\biu_eba_cust_activity_ref_trigger.xml"/> 
  <include file="trigger\eba_cust_users_biu_trigger.xml"/> 
  <include file="trigger\eba_cust_users_bd_trigger.xml"/> 
  <include file="trigger\eba_cust_preferences_biu_trigger.xml"/> 
  <include file="trigger\biu_eba_cust_industries_trigger.xml"/> 
  <include file="trigger\biu_eba_cust_geographies_trigger.xml"/> 
  <include file="trigger\biu_eba_cust_categories_trigger.xml"/> 
  <include file="trigger\biu_eba_cust_status_trigger.xml"/> 
  <include file="trigger\biu_eba_cust_type_trigger.xml"/> 
  <include file="trigger\biu_eba_cust_use_case_trigger.xml"/> 
  <include file="trigger\biu_eba_cust_products_trigger.xml"/> 
  <include file="trigger\bd_eba_cust_products_trigger.xml"/> 
  <include file="trigger\biu_eba_cust_product_uses_trigger.xml"/> 
  <include file="trigger\biu_eba_cust_contacts_trigger.xml"/> 
  <include file="trigger\biu_eba_cust_contact_types_trigger.xml"/> 
  <include file="trigger\bd_eba_cust_contacts_trigger.xml"/> 
  <include file="trigger\biu_eba_cust_files_trigger.xml"/> 
  <include file="trigger\bd_eba_cust_files_trigger.xml"/> 
  <include file="trigger\biu_eba_cust_links_trigger.xml"/> 
  <include file="trigger\biu_eba_cust_administrators_trigger.xml"/> 
  <include file="trigger\eba_cust_tags_biu_trigger.xml"/> 
  <include file="trigger\au_eba_cust_customers_trigger.xml"/> 
  <include file="trigger\au_eba_cust_product_uses_trigger.xml"/> 
  <include file="trigger\au_eba_cust_contacts_trigger.xml"/> 
  <include file="trigger\au_eba_cust_activities_trigger.xml"/> 
  <include file="trigger\au_eba_cust_competitors_trigger.xml"/> 
  <include file="trigger\eba_cust_product_statuses_biu_trigger.xml"/> 
  <include file="trigger\au_eba_cust_cust_partner_ref_trigger.xml"/> 
  <include file="trigger\au_eba_cust_cust_competitor_re_trigger.xml"/> 
  <include file="trigger\au_eba_cust_customer_reftype_r_trigger.xml"/> 
  <include file="trigger\au_eba_cust_activity_ref_trigger.xml"/> 
  <include file="trigger\biu_eba_cust_customers_trigger.xml"/> 
  <include file="trigger\eba_cust_acl_features_biu_trigger.xml"/> 
  <include file="trigger\eba_cust_notif_biu_trigger.xml"/> 
  <include file="trigger\biu_eba_cust_notes_trigger.xml"/> 
  <include file="trigger\eba_cust_clicks_biu_trigger.xml"/> 
  <include file="trigger\eba_cust_verify_biu_fer_trigger.xml"/> 
  <include file="trigger\biu_eba_cust_ref_phase_trigger.xml"/> 
  <include file="trigger\eba_cust_feedback_types_biu_trigger.xml"/> 
  <include file="trigger\eba_cust_feedback_biu_trigger.xml"/> 
  <include file="trigger\biu_eba_cust_email_log_trigger.xml"/> 
  <include file="trigger\ad_eba_cust_customers_trigger.xml"/> 
  <include file="package_body\eba_cust_fw_package_body.xml"/> 
  <include file="package_body\eba_cust_package_body.xml"/> 
  <include file="package_body\eba_cust_sample_data_package_body.xml"/> 
  <include file="package_body\eba_cust_email_package_body.xml"/> 
  <include file="package_body\ut_eba_cust_fw_package_body.xml"/> 
  <include file="comment\eba_cust_customers_comments.xml"/> 
  <include file="comment\eba_cust_contact_types_comments.xml"/> 
  <include file="comment\eba_cust_contacts_comments.xml"/> 
  <include file="comment\eba_cust_categories_comments.xml"/> 
  <include file="comment\eba_cust_status_comments.xml"/> 
  <include file="comment\eba_cust_links_comments.xml"/> 
  <include file="comment\eba_cust_views_log_comments.xml"/> 
  <include file="comment\eba_cust_administrators_comments.xml"/> 
</databaseChangeLog> 
