<?xml version="1.0" encoding="UTF-8"?>
<databaseChangeLog 
	xmlns="http://www.liquibase.org/xml/ns/dbchangelog" 
	xmlns:xsi="http://www.w3.org/2001/XMLSchema-instance" 
	xmlns:n0="http://www.oracle.com/xml/ns/dbchangelog-ext" 
	xsi:schemaLocation="http://www.liquibase.org/xml/ns/dbchangelog 
	http://www.liquibase.org/xml/ns/dbchangelog/dbchangelog-latest.xsd">
	<changeSet id="f75451c70798073371738903f4598be99e39ab1b" author="(SAMPLE_CUSTOMERS)-Generated" failOnError="false"   runOnChange="true" runAlways="false"  >
		<n0:createOraclePackageSpec objectName="EBA_CUST_FW" objectType="PACKAGE_SPEC" ownerName="SAMPLE_CUSTOMERS"  replaceIfExists="true" >
			<n0:source><![CDATA[
  CREATE OR REPLACE EDITIONABLE PACKAGE "SAMPLE_CUSTOMERS"."EBA_CUST_FW" as
    function conv_txt_html (
        p_txt_message in varchar2 )
        return varchar2;
    function conv_urls_links (
        p_string in varchar2 )
        return varchar2;
    function tags_cleaner (
        p_tags  in varchar2,
        p_case  in varchar2 default 'U' )
        return varchar2;
    procedure tag_sync (
        p_new_tags          in varchar2,
        p_old_tags          in varchar2,
        p_content_type      in varchar2,
        p_content_id        in number );
    function selective_escape (
        p_text  in varchar2,
        p_tags  in varchar2 default '<h2>,</h2>,<p>,</p>,<b>,</b>,<li>,</li>,<ul>,</ul>,<br />,<i>,</i>,<h3>,</h3>' )
        return varchar2;
    function get_preference_value (
        p_preference_name in varchar2 )
        return varchar2;
    procedure set_preference_value (
        p_preference_name  in varchar2, 
        p_preference_value in varchar2 );
    function compress_int (
        n in integer )
        return varchar2;
    function apex_error_handling (
        p_error in apex_error.t_error )
        return apex_error.t_error_result;
end eba_cust_fw;
]]></n0:source>
		</n0:createOraclePackageSpec>
	</changeSet>
</databaseChangeLog>
