<?xml version="1.0" encoding="UTF-8"?>
<databaseChangeLog 
	xmlns="http://www.liquibase.org/xml/ns/dbchangelog" 
	xmlns:xsi="http://www.w3.org/2001/XMLSchema-instance" 
	xmlns:n0="http://www.oracle.com/xml/ns/dbchangelog-ext" 
	xsi:schemaLocation="http://www.liquibase.org/xml/ns/dbchangelog 
	http://www.liquibase.org/xml/ns/dbchangelog/dbchangelog-latest.xsd">
	<changeSet id="eec82e4b8044e407377109bee773272db0c85924" author="(SAMPLE_CUSTOMERS)-Generated" failOnError="false"   runOnChange="true" runAlways="false"  >
		<n0:createSxmlObject objectName="EBA_CUST_SEQ" objectType="SEQUENCE" ownerName="SAMPLE_CUSTOMERS"  replaceIfExists="true" >
			<n0:source><![CDATA[
  <SEQUENCE xmlns="http://xmlns.oracle.com/ku" version="1.0">
   <SCHEMA>SAMPLE_CUSTOMERS</SCHEMA>
   <NAME>EBA_CUST_SEQ</NAME>
   <START_WITH>21</START_WITH>
   <INCREMENT>1</INCREMENT>
   <MINVALUE>1</MINVALUE>
   <MAXVALUE>9999999999999999999999999999</MAXVALUE>
   <CACHE>20</CACHE>
   <SCALE>NOSCALE</SCALE>
</SEQUENCE>]]></n0:source>
		</n0:createSxmlObject>
	</changeSet>
</databaseChangeLog>
