<?xml version="1.0" encoding="UTF-8"?>
<databaseChangeLog 
	xmlns="http://www.liquibase.org/xml/ns/dbchangelog" 
	xmlns:xsi="http://www.w3.org/2001/XMLSchema-instance" 
	xmlns:n0="http://www.oracle.com/xml/ns/dbchangelog-ext" 
	xsi:schemaLocation="http://www.liquibase.org/xml/ns/dbchangelog 
	http://www.liquibase.org/xml/ns/dbchangelog/dbchangelog-latest.xsd">
	<changeSet id="62747a8c5f20096a09f88f9e96ca11287ffbfd9f" author="(SAMPLE_CUSTOMERS)-Generated" failOnError="false"   runOnChange="true" runAlways="false"  >
		<n0:createSxmlObject objectName="EBA_CUST_PREFERENCES_UK" objectType="INDEX" ownerName="SAMPLE_CUSTOMERS"  replaceIfExists="true" >
			<n0:source><![CDATA[
  <INDEX xmlns="http://xmlns.oracle.com/ku" version="1.0">
   <UNIQUE></UNIQUE>
   <SCHEMA>SAMPLE_CUSTOMERS</SCHEMA>
   <NAME>EBA_CUST_PREFERENCES_UK</NAME>
   <TABLE_INDEX>
      <ON_TABLE>
         <SCHEMA>SAMPLE_CUSTOMERS</SCHEMA>
         <NAME>EBA_CUST_PREFERENCES</NAME>
      </ON_TABLE>
      <COL_LIST>
         <COL_LIST_ITEM>
            <NAME>PREFERENCE_NAME</NAME>
         </COL_LIST_ITEM>
      </COL_LIST>
      <INDEX_ATTRIBUTES>
         <PCTFREE>10</PCTFREE>
         <INITRANS>2</INITRANS>
         <MAXTRANS>255</MAXTRANS>
         <STORAGE>
            <INITIAL>65536</INITIAL>
            <NEXT>1048576</NEXT>
            <MINEXTENTS>1</MINEXTENTS>
            <MAXEXTENTS>2147483645</MAXEXTENTS>
            <PCTINCREASE>0</PCTINCREASE>
            <FREELISTS>1</FREELISTS>
            <FREELIST_GROUPS>1</FREELIST_GROUPS>
            <BUFFER_POOL>DEFAULT</BUFFER_POOL>
            <FLASH_CACHE>DEFAULT</FLASH_CACHE>
            <CELL_FLASH_CACHE>DEFAULT</CELL_FLASH_CACHE>
         </STORAGE>
                  <LOGGING>Y</LOGGING>
      </INDEX_ATTRIBUTES>
   </TABLE_INDEX>
</INDEX>]]></n0:source>
		</n0:createSxmlObject>
	</changeSet>
</databaseChangeLog>
